Text,Original_OCR,Latitude,Longitude,Method,Status,Source_Image
Kozhikode,Kozhikode,11.2450558,75.7754716,Original,Exact Match,8819000_h2_w6.png
Colombo,Colombo,6.9388614,79.8542005,Original,Exact Match,8819000_h2_w6.png
Dallas,Dallas,32.7762719,-96.7968559,Original,Exact Match,8826002_h4_w5.png
Loudi,Loudi,27.6995215,111.9890658,Geoapify (Corrected),Fixed Typo (Loud -> Loudi),8826002_h4_w5.png
Waco,Waco,31.5491899,-97.1474628,Original,Exact Match,8826002_h4_w5.png
Austin,Austin,30.2711286,-97.7436995,Original,Exact Match,8826002_h4_w5.png
Brits,Brits,-25.6297222,27.7841667,Geoapify (Corrected),Fixed Typo (bits -> Brits),8826002_h4_w5.png
Houston,Houston,29.7589382,-95.3676974,Original,Exact Match,8826002_h4_w5.png
San Antonio,San Antonio,29.4246002,-98.4951405,Original,Exact Match,8826002_h4_w5.png
Most,Most,50.5032737,13.636112,Original,Exact Match,8826002_h4_w5.png
Colorado,Colorado,38.7251776,-105.607716,Original,Exact Match,8826002_h4_w5.png
Ardea,Ardea,41.608712,12.519382,Geoapify (Corrected),Fixed Typo (AREA -> Ardea),8831000_h3_w4.png
Sterling,Sterling,41.788253,-89.6953656,Geoapify (Corrected),Fixed Typo ('STERLING -> Sterling),8831000_h3_w4.png
Trappes,Trappes,48.7760957,1.9988356,Geoapify (Corrected),Fixed Typo (TRAPPERS -> Trappes),8831000_h3_w4.png
Rivera,Rivera,45.1147797,7.4137652,Geoapify (Corrected),Fixed Typo (RIVER -> Rivera),8831000_h3_w4.png
Denver,Denver,39.7392364,-104.984862,Original,Exact Match,8831000_h3_w4.png
Santa Isabel,Santa Isabel,-23.3194222,-46.2271903,Geoapify (Corrected),Fixed Typo (SAN ISABEL -> Santa Isabel),8831000_h3_w4.png
Great Bend,Great Bend,38.3625063,-98.7804087,Original,Exact Match,8831000_h3_w4.png
Albuquerque,Albuquerque,35.0841034,-106.650985,Original,Exact Match,8831000_h3_w4.png
Casper,Casper,42.8501191,-106.325138,Original,Exact Match,8831000_h3_w4.png
Saratoga,Saratoga,37.2638324,-122.0230146,Original,Exact Match,8831000_h3_w4.png
Cheyenne,Cheyenne,41.139981,-104.820246,Original,Exact Match,8831000_h3_w4.png
Roosevelt,Roosevelt,48.8034101,-95.0982082,Original,Exact Match,8831000_h3_w4.png
Rivera,Rivera,45.1147797,7.4137652,Geoapify (Corrected),Fixed Typo (RIVER -> Rivera),8831000_h3_w4.png
Granby,Granby,41.9538298,-72.789313,Original,Exact Match,8831000_h3_w4.png
Tigre,Tigre,-3.05555545,-75.21183906129795,Geoapify (Corrected),Fixed Typo (IGRE -> Tigre),8831000_h3_w4.png
Vista,Vista,33.2021284,-117.2424787,Original,Exact Match,8831000_h3_w4.png
Cheyenne,Cheyenne,41.139981,-104.820246,Original,Exact Match,8831000_h3_w4.png
Chaman,Chaman,30.915948,66.4631051,Geoapify (Corrected),Fixed Typo (CHAMA -> Chaman),8831000_h3_w4.png
Carson,Carson,33.8322043,-118.2517547,Original,Exact Match,8831000_h3_w4.png
Anta,Anta,-9.3576676,-77.598543,Geoapify (Corrected),Fixed Typo (SANTA -> Anta),8831000_h3_w4.png
Anta,Anta,-9.3576676,-77.598543,Geoapify (Corrected),Fixed Typo (SANTA -> Anta),8831000_h3_w4.png
Dessau,Dessau,51.8309956,12.2430723,Original,Exact Match,8880003_h5_w5.png
Naumburg,Naumburg,51.1525648,11.8099186,Original,Exact Match,8880003_h5_w5.png
Erfurt,Erfurt,50.9777974,11.0287364,Original,Exact Match,8880003_h5_w5.png
Jena,Jena,31.6832271,-92.1337448,Original,Exact Match,8880003_h5_w5.png
Altena,Altena,51.2990263,7.6734841,Geoapify (Corrected),Fixed Typo (ALTEN -> Altena),8880003_h5_w5.png
Halle,Halle,51.4824354,11.9712985,Original,Exact Match,8880003_h5_w5.png
Merseburg,Merseburg,51.3564413,11.996148,Geoapify (Corrected),Fixed Typo (MERSBBURG -> Merseburg),8880003_h5_w5.png
Leipzig,Leipzig,51.3406321,12.3747329,Geoapify (Corrected),Fixed Typo (LEIPZIG: -> Leipzig),8880003_h5_w5.png
Frisco,Frisco,37.7792588,-122.4193286,Original,Exact Match,8883002_h11_w14.png
Chato,Chato,-33.1065092,-55.13671920452819,Geoapify (Corrected),Fixed Typo (Chatom -> Chato),8883002_h11_w14.png
Coity,Coity,51.5212979,-3.5539979,Geoapify (Corrected),Fixed Typo (City -> Coity),8883002_h11_w14.png
Geneva,Geneva,46.2017559,6.1466014,Original,Exact Match,8883002_h11_w14.png
Banbridge,Banbridge,54.3514168,-6.2714623,Geoapify (Corrected),Fixed Typo (Bainbridge -> Banbridge),8883002_h11_w14.png
Quincy,Quincy,42.2509914,-71.0037374,Original,Exact Match,8883002_h11_w14.png
Mobile,Mobile,30.6913462,-88.0437509,Original,Exact Match,8883002_h11_w14.png
Milton,Milton,42.2501425,-71.065573,Original,Exact Match,8883002_h11_w14.png
Springs,Springs,-26.2550033,28.4373147,Geoapify (Corrected),Fixed Typo (Springs! -> Springs),8883002_h11_w14.png
Tallahassee,Tallahassee,30.4380832,-84.2809332,Geoapify (Corrected),Fixed Typo (Tallahass -> Tallahassee),8883002_h11_w14.png
Daphne,Daphne,30.6035255,-87.9036047,Original,Exact Match,8883002_h11_w14.png
Fairhope,Fairhope,30.5231647,-87.9028458,Original,Exact Match,8883002_h11_w14.png
Moss,Moss,32.997821,-115.4077613,Original,Exact Match,8883002_h11_w14.png
Foley,Foley,45.663512,-93.9137277,Original,Exact Match,8883002_h11_w14.png
Matui,Matui,1.0383448,127.5392028,Geoapify (Corrected),Fixed Typo (MAUI -> Matui),8883002_h11_w14.png
Pala,Pala,33.3653102,-117.076696,Original,Exact Match,8883002_h11_w14.png
Handa,Handa,34.8938136,136.9369523,Geoapify (Corrected),Fixed Typo (Hana -> Handa),8883002_h11_w14.png
Kahului,Kahului,20.8894101,-156.4727118,Original,Exact Match,8883002_h11_w14.png
Dothan,Dothan,31.2237285,-85.3934375,Original,Exact Match,8883002_h11_w14.png
Hartford,Hartford,41.764582,-72.6908547,Original,Exact Match,8883002_h11_w14.png
Lakeville,Lakeville,44.650051,-93.2432791,Geoapify (Corrected),Fixed Typo (Leakesville -> Lakeville),8883002_h11_w14.png
Valparaiso,Valparaiso,41.4672552,-87.0604487,Original,Exact Match,8883002_h11_w14.png
Pensacola,Pensacola,30.421309,-87.2169149,Original,Exact Match,8883002_h11_w14.png
Springfield,Springfield,39.7990175,-89.6439575,Original,Exact Match,8883002_h11_w14.png
Rosas,Rosas,2.2621018,-76.7392875,Geoapify (Corrected),Fixed Typo (Rosa -> Rosas),8883002_h11_w14.png
Pascagoula,Pascagoula,30.3646795,-88.5585995,Geoapify (Corrected),Fixed Typo (ascagoula -> Pascagoula),8883002_h11_w14.png
Alton,Alton,38.8908583,-90.1843091,Geoapify (Corrected),Fixed Typo (Walton -> Alton),8883002_h11_w14.png
Rosas,Rosas,2.2621018,-76.7392875,Geoapify (Corrected),Fixed Typo (Rosa -> Rosas),8883002_h11_w14.png
Anta,Anta,-9.3576676,-77.598543,Geoapify (Corrected),Fixed Typo (Santa -> Anta),8883002_h11_w14.png
Wewak,Wewak,-3.5542197,143.6270904,Geoapify (Corrected),Fixed Typo (Wewa -> Wewak),8883002_h11_w14.png
Mobile,Mobile,30.6913462,-88.0437509,Original,Exact Match,8883002_h11_w14.png
Anta,Anta,-9.3576676,-77.598543,Geoapify (Corrected),Fixed Typo (Santa -> Anta),8883002_h11_w14.png
Forst,Forst,51.7438586,14.6455395,Geoapify (Corrected),Fixed Typo (Fort -> Forst),8883002_h11_w14.png
Belas,Belas,38.7759227,-9.2639227,Geoapify (Corrected),Fixed Typo (Blas -> Belas),8883002_h11_w14.png
George,George,43.3436751,-96.0022965,Original,Exact Match,8883002_h11_w14.png
Chandler,Chandler,33.3062031,-111.841185,Geoapify (Corrected),Fixed Typo (Chandeleur -> Chandler),8883002_h11_w14.png
Venice,Venice,45.4371908,12.3345898,Original,Exact Match,8883002_h11_w14.png
Gardena,Gardena,33.8815702,-118.2918113,Geoapify (Corrected),Fixed Typo (Garden -> Gardena),8883002_h11_w14.png
Porta,Porta,42.5260507,1.8256362,Geoapify (Corrected),Fixed Typo (Port -> Porta),8883002_h11_w14.png
Burwood,Burwood,-33.8784753,151.104049,Geoapify (Corrected),Fixed Typo (Burrwood -> Burwood),8883002_h11_w14.png
Meads,Meads,38.4125817,-82.7090513,Geoapify (Corrected),Fixed Typo (Eads -> Meads),8883002_h11_w14.png
Bay,Bay,35.7428864,-90.5625134,Original,Exact Match,8883002_h11_w14.png
Kaneohe,Kaneohe,21.418555,-157.804184,Original,Exact Match,8883002_h11_w14.png
Hala,Hala,51.4824354,11.9712985,Original,Exact Match,8883002_h11_w14.png
Kailua,Kailua,19.641941,-155.996933,Original,Exact Match,8883002_h11_w14.png
Honolulu,Honolulu,21.304547,-157.855676,Original,Exact Match,8883002_h11_w14.png
Pearl,Pearl,32.2735792,-90.127881,Original,Exact Match,8883002_h11_w14.png
Kazan,Kazan,55.7823547,49.1242266,Original,Exact Match,8915000_h2_w3.png
Saipan,Saipan,15.1909825,145.746743003024,Original,Exact Match,8915000_h2_w3.png
Apan,Apan,54.9738474,-1.6131572,Geoapify (Corrected),Fixed Typo (Japan -> Apan),8915000_h2_w3.png
Muroran,Muroran,42.3152461,140.9740731,Original,Exact Match,8915000_h2_w3.png
Vladivostok,Vladivostok,43.1150678,131.8855768,Geoapify (Corrected),Fixed Typo (VLAdiVOSTOC -> Vladivostok),8915000_h2_w3.png
Bologna,Bologna,44.4938203,11.3426327,Geoapify (Corrected),Fixed Typo (BOLLOGNA -> Bologna),8926002_h3_w2.png
Lerik,Lerik,38.7752945,48.418155,Geoapify (Corrected),Fixed Typo (Lerk -> Lerik),9016003_h4_w4.png
Aalen,Aalen,48.8375607,10.0929593,Geoapify (Corrected),Fixed Typo (Aale -> Aalen),9016003_h4_w4.png
Lyon,Lyon,45.7578137,4.8320114,Geoapify (Corrected),Fixed Typo (Lyons -> Lyon),9034002_h10_w16.png
Coity,Coity,51.5212979,-3.5539979,Geoapify (Corrected),Fixed Typo (City -> Coity),9034002_h10_w16.png
Douglas,Douglas,31.5088073,-82.8498654,Original,Exact Match,9034002_h10_w16.png
Tifton,Tifton,31.4549719,-83.5108284,Original,Exact Match,9034002_h10_w16.png
St. Marys,St. Marys,41.3081707,-93.7318728,Geoapify (Corrected),Fixed Typo (St.Marys -> St. Marys),9034002_h10_w16.png
Jasper,Jasper,30.9201995,-93.9965759,Original,Exact Match,9034002_h10_w16.png
Orange,Orange,33.7872568,-117.850308,Original,Exact Match,9034002_h10_w16.png
Coity,Coity,51.5212979,-3.5539979,Geoapify (Corrected),Fixed Typo (City -> Coity),9034002_h10_w16.png
Coity,Coity,51.5212979,-3.5539979,Geoapify (Corrected),Fixed Typo (City -> Coity),9034002_h10_w16.png
Winter Park,Winter Park,28.5977707,-81.3510264,Geoapify (Corrected),Fixed Typo (Winter Par) -> Winter Park),9034002_h10_w16.png
Orlando,Orlando,28.5421109,-81.3790304,Original,Exact Match,9034002_h10_w16.png
Rivera,Rivera,45.1147797,7.4137652,Geoapify (Corrected),Fixed Typo (River -> Rivera),9034002_h10_w16.png
Gare,Gare,42.3724798,21.6268015,Original,Exact Match,9034002_h10_w16.png
Cocoa,Cocoa,28.3556635,-80.7325345,Original,Exact Match,9034002_h10_w16.png
Porta,Porta,42.5260507,1.8256362,Geoapify (Corrected),Fixed Typo (Port -> Porta),9034002_h10_w16.png
Dublin,Dublin,53.3493795,-6.2605593,Original,Exact Match,9034002_h10_w16.png
Garden City,Garden City,37.9716898,-100.8726618,Original,Exact Match,9034002_h10_w16.png
Cochrane,Cochrane,49.066668,-81.017303,Geoapify (Corrected),Fixed Typo (Cochran -> Cochrane),9034002_h10_w16.png
Savannah,Savannah,32.0790074,-81.0921335,Original,Exact Match,9034002_h10_w16.png
Savannah,Savannah,32.0790074,-81.0921335,Original,Exact Match,9034002_h10_w16.png
Forest,Forest,32.3645888,-89.4742348,Original,Exact Match,9034002_h10_w16.png
Windsor,Windsor,41.8525984,-72.6437022,Original,Exact Match,9034002_h10_w16.png
Hinesville,Hinesville,31.8477347,-81.5960705,Original,Exact Match,9034002_h10_w16.png
Glenville,Glenville,43.572754,-93.2814262,Geoapify (Corrected),Fixed Typo (Glennvilles -> Glenville),9034002_h10_w16.png
Helena,Helena,46.5927425,-112.036277,Geoapify (Corrected),Fixed Typo (Helenae -> Helena),9034002_h10_w16.png
Paltan,Paltan,37.1504846,126.8857646,Geoapify (Corrected),Fixed Typo (Altan -> Paltan),9034002_h10_w16.png
Tahla,Tahla,34.050634,-4.4224,Geoapify (Corrected),Fixed Typo (taha -> Tahla),9034002_h10_w16.png
Ashburn,Ashburn,39.0437192,-77.4874899,Original,Exact Match,9034002_h10_w16.png
Alma,Alma,31.5393701,-82.4623557,Original,Exact Match,9034002_h10_w16.png
Fredericia,Fredericia,55.565268,9.7562169,Geoapify (Corrected),Fixed Typo ('FREDERICA -> Fredericia),9034002_h10_w16.png
Forst,Forst,51.7438586,14.6455395,Geoapify (Corrected),Fixed Typo (FORT -> Forst),9034002_h10_w16.png
Brunswick,Brunswick,52.2646577,10.5236066,Geoapify (Corrected),Fixed Typo (Brunswic -> Brunswick),9034002_h10_w16.png
Nashville,Nashville,36.1622767,-86.7742984,Original,Exact Match,9034002_h10_w16.png
Kingsland,Kingsland,30.7999563,-81.6898261,Geoapify (Corrected),Fixed Typo (ingsland -> Kingsland),9034002_h10_w16.png
Cumberland,Cumberland,39.6526498,-78.762383,Original,Exact Match,9034002_h10_w16.png
Lakeland,Lakeland,28.0394654,-81.9498042,Geoapify (Corrected),Fixed Typo (akeland -> Lakeland),9034002_h10_w16.png
Mosta,Mosta,35.9079178,14.4241508,Geoapify (Corrected),Fixed Typo (osta -> Mosta),9034002_h10_w16.png
Jacksonville,Jacksonville,30.3321838,-81.655651,Original,Exact Match,9034002_h10_w16.png
Boston,Boston,42.3554334,-71.060511,Geoapify (Corrected),Fixed Typo (Boston: -> Boston),9034002_h10_w16.png
Jacksonville,Jacksonville,30.3321838,-81.655651,Original,Exact Match,9034002_h10_w16.png
Baldwin,Baldwin,40.3381252,-79.9789405,Geoapify (Corrected),Fixed Typo (Baldwina -> Baldwin),9034002_h10_w16.png
Madison,Madison,43.074761,-89.3837613,Geoapify (Corrected),Fixed Typo (Madiso -> Madison),9034002_h10_w16.png
Mon,Mon,17.0832546,97.3337305,Original,Exact Match,9034002_h10_w16.png
Greenville,Greenville,34.851354,-82.3984882,Geoapify (Corrected),Fixed Typo (eenville -> Greenville),9034002_h10_w16.png
Maros,Maros,-4.9655024,119.69284341781065,Geoapify (Corrected),Fixed Typo (MARCOS -> Maros),9034002_h10_w16.png
Springs,Springs,41.0162112,-72.1592444,Original,Exact Match,9034002_h10_w16.png
San,San,11.8444164,-3.2748386,Original,Exact Match,9034002_h10_w16.png
Clive,Clive,52.4771595,-113.4412968,Geoapify (Corrected),Fixed Typo (Live -> Clive),9034002_h10_w16.png
Green,Green,39.427776,-97.001961,Original,Exact Match,9034002_h10_w16.png
Mon,Mon,17.0832546,97.3337305,Original,Exact Match,9034002_h10_w16.png
Marks,Marks,51.7069911,46.7483653,Geoapify (Corrected),Fixed Typo (arks -> Marks),9034002_h10_w16.png
Matanzas,Matanzas,23.0469236,-81.5783032,Original,Exact Match,9034002_h10_w16.png
Forst,Forst,51.7438586,14.6455395,Geoapify (Corrected),Fixed Typo (FORT -> Forst),9034002_h10_w16.png
Alaca,Alaca,40.1690118,34.8414772,Geoapify (Corrected),Fixed Typo (Alac  -> Alaca),9034002_h10_w16.png
Gainesville,Gainesville,29.6519684,-82.3249846,Original,Exact Match,9034002_h10_w16.png
Ormond Beach,Ormond Beach,29.2854132,-81.0557921,Original,Exact Match,9034002_h10_w16.png
Dayton,Dayton,39.7589478,-84.1916069,Geoapify (Corrected),Fixed Typo (Daytona -> Dayton),9034002_h10_w16.png
Smyrna,Smyrna,39.2998339,-75.6046494,Original,Exact Match,9034002_h10_w16.png
Aland,Aland,60.2166218,19.9438638,Geoapify (Corrected),Fixed Typo (Land -> Aland),9034002_h10_w16.png
Leesburg,Leesburg,39.1154506,-77.5645607,Original,Exact Match,9034002_h10_w16.png
Eustis,Eustis,28.8527675,-81.6853534,Original,Exact Match,9034002_h10_w16.png
Sanford,Sanford,35.4798757,-79.1802994,Original,Exact Match,9034002_h10_w16.png
Titusville,Titusville,28.6126236,-80.8079545,Original,Exact Match,9034002_h10_w16.png
Crystal,Crystal,45.031823,-93.3606072,Original,Exact Match,9034002_h10_w16.png
Inverness,Inverness,57.4790124,-4.225739,Geoapify (Corrected),Fixed Typo (Inverness_ -> Inverness),9034002_h10_w16.png
Pace,Pace,48.4454551,-0.0039061,Geoapify (Corrected),Fixed Typo (SPACE -> Pace),9034002_h10_w16.png
Apopka,Apopka,28.6732806,-81.5116471,Geoapify (Corrected),Fixed Typo (Apopka; -> Apopka),9034002_h10_w16.png
Tala,Tala,34.8361333,32.4309763,Geoapify (Corrected),Fixed Typo (Tsala -> Tala),9034002_h10_w16.png
Banan,Banan,29.4043601,106.5368478,Geoapify (Corrected),Fixed Typo (Banana -> Banan),9034002_h10_w16.png
Lede,Lede,50.9662645,3.9775505,Geoapify (Corrected),Fixed Typo (ledge -> Lede),9034002_h10_w16.png
Kissimmee,Kissimmee,28.2918995,-81.4075838,Geoapify (Corrected),Fixed Typo (issimmee -> Kissimmee),9034002_h10_w16.png
Melbourne,Melbourne,28.0785034,-80.6077908,Original,Exact Match,9034002_h10_w16.png
Atar,Atar,20.5181943,-13.0543928,Original,Exact Match,9035000_h5_w12.png
Adrar,Adrar,27.873203,-0.2876021,Original,Exact Match,9035000_h5_w12.png
Kidal,Kidal,19.802089,0.725312457,Original,Exact Match,9035000_h5_w12.png
Nouakchott,Nouakchott,18.0792379,-15.9780071,Geoapify (Corrected),Fixed Typo (Nouakehott -> Nouakchott),9035000_h5_w12.png
Bamban,Bamban,15.2733238,120.5672692,Geoapify (Corrected),Fixed Typo (Bamba -> Bamban),9035000_h5_w12.png
Kita,Kita,35.7528821,139.7338331,Geoapify (Corrected),Fixed Typo ( Kifta -> Kita),9035000_h5_w12.png
Gao,Gao,17.00244,-0.099115448,Original,Exact Match,9035000_h5_w12.png
Verden,Verden,52.9219073,9.2286737,Geoapify (Corrected),Fixed Typo (Verde -> Verden),9035000_h5_w12.png
Kayes,Kayes,13.8001844,-10.224554815,Original,Exact Match,9035000_h5_w12.png
Mopti,Mopti,14.514489,-3.64645806,Original,Exact Match,9035000_h5_w12.png
Dori,Dori,14.0327651,-0.0348286,Original,Exact Match,9035000_h5_w12.png
Niamey,Niamey,13.524834,2.109823,Original,Exact Match,9035000_h5_w12.png
Bathurst,Bathurst,13.45535,-16.575646,Original,Exact Match,9035000_h5_w12.png
Bamako,Bamako,12.649319,-8.000337,Original,Exact Match,9035000_h5_w12.png
Ouagadougou,Ouagadougou,12.3681873,-1.5270944,Original,Exact Match,9035000_h5_w12.png
Bissau,Bissau,11.861324,-15.583055,Original,Exact Match,9035000_h5_w12.png
Koudougou,Koudougou,12.2514911,-2.3652267,Original,Exact Match,9035000_h5_w12.png
Kindia,Kindia,10.0368,-12.8260215,Original,Exact Match,9035000_h5_w12.png
Siguiri,Siguiri,11.4195265,-9.1751513,Original,Exact Match,9035000_h5_w12.png
Conakry,Conakry,9.5170602,-13.6998434,Original,Exact Match,9035000_h5_w12.png
Serra,Serra,39.6851966,-0.4281287,Geoapify (Corrected),Fixed Typo (SIerRA -> Serra),9035000_h5_w12.png
Korhogo,Korhogo,9.4580698,-5.6316293,Original,Exact Match,9035000_h5_w12.png
Tamale,Tamale,9.4051992,-0.8423986,Original,Exact Match,9035000_h5_w12.png
Freetown,Freetown,42.5230823,-76.0182958,Original,Exact Match,9035000_h5_w12.png
Serra,Serra,39.6851966,-0.4281287,Geoapify (Corrected),Fixed Typo (SIERRA -> Serra),9035000_h5_w12.png
Kumasi,Kumasi,6.6985605,-1.6233086,Original,Exact Match,9035000_h5_w12.png
Iba,Iba,15.3264614,119.9801043,Original,Exact Match,9035000_h5_w12.png
Serra,Serra,39.6851966,-0.4281287,Geoapify (Corrected),Fixed Typo (SIERRA -> Serra),9035000_h5_w12.png
Monrovia,Monrovia,34.1483499,-118.0014517,Original,Exact Match,9035000_h5_w12.png
Liberia,Liberia,5.7499721,-9.3658524,Original,Exact Match,9035000_h5_w12.png
Abidjan,Abidjan,5.4091179,-4.0422099,Geoapify (Corrected),"Fixed Typo (Abidjan,  -> Abidjan)",9035000_h5_w12.png
Haren,Haren,52.7905619,7.2400267,Geoapify (Corrected),Fixed Typo (Hare -> Haren),9035000_h5_w12.png
Basi,Basi,21.7773562,79.71891013608553,Geoapify (Corrected),Fixed Typo (BASIN -> Basi),9035000_h5_w12.png
Sekondi,Sekondi,4.927456,-1.7490216,Original,Exact Match,9035000_h5_w12.png
Palmas,Palmas,18.441531050000002,-66.14365187209029,Original,Exact Match,9035000_h5_w12.png
Basi,Basi,21.7773562,79.71891013608553,Geoapify (Corrected),Fixed Typo (BASIN -> Basi),9035000_h5_w12.png
Basi,Basi,21.7773562,79.71891013608553,Geoapify (Corrected),Fixed Typo (BASIN -> Basi),9035000_h5_w12.png
Gero,Gero,35.8064271,137.2433187,Original,Exact Match,9053003_h6_w6.png
Tak ,Tak ,36.5940732,69.7938996,Original,Exact Match,9053003_h6_w6.png
Luton,Luton,51.8784385,-0.4152837,Geoapify (Corrected),Fixed Typo (PLUTON -> Luton),9053003_h6_w6.png
Oakland,Oakland,37.8044557,-122.271356,Geoapify (Corrected),Fixed Typo (OAKLAN -> Oakland),9094002_h5_w10.png
Arris,Arris,42.8875912,0.3983792,Geoapify (Corrected),Fixed Typo (RRIS -> Arris),9094002_h5_w10.png
Howard,Howard,37.4703117,-96.2636066,Geoapify (Corrected),Fixed Typo (HOWAARD -> Howard),9094002_h5_w10.png
Lakeside ,Lakeside ,42.6214633,-95.1744757,Original,Exact Match,9094002_h5_w10.png
Sanford,Sanford,35.4798757,-79.1802994,Geoapify (Corrected),Fixed Typo (STANFORD -> Sanford),9094002_h5_w10.png
Marina,Marina,36.6844029,-121.802173,Original,Exact Match,9094002_h5_w10.png
Marina,Marina,36.6844029,-121.802173,Original,Exact Match,9094002_h5_w10.png
Alameda,Alameda,37.7652076,-122.241635,Original,Exact Match,9094002_h5_w10.png
Alameda,Alameda,37.7652076,-122.241635,Original,Exact Match,9094002_h5_w10.png
Montgomery,Montgomery,32.37742,-86.3091683,Geoapify (Corrected),Fixed Typo (MoNtaoMERY -> Montgomery),9094002_h5_w10.png
Marina,Marina,36.6844029,-121.802173,Original,Exact Match,9094002_h5_w10.png
Warud,Warud,21.473109,78.2728518,Geoapify (Corrected),Fixed Typo (WARD -> Warud),9094002_h5_w10.png
Alameda,Alameda,37.7652076,-122.241635,Original,Exact Match,9094002_h5_w10.png
Diest,Diest,50.9844318,5.0504341,Geoapify (Corrected),Fixed Typo (Dist -> Diest),9094002_h5_w10.png
Meda,Meda,45.6625046,9.1567532,Original,Exact Match,9094002_h5_w10.png
Oakland,Oakland,37.8044557,-122.271356,Original,Exact Match,9094002_h5_w10.png
Arris,Arris,42.8875912,0.3983792,Geoapify (Corrected),Fixed Typo (#ARRIS -> Arris),9096002_h4_w8.png
Orlando,Orlando,28.5421109,-81.3790304,Original,Exact Match,9096002_h4_w8.png
Coity,Coity,51.5212979,-3.5539979,Geoapify (Corrected),Fixed Typo (city -> Coity),9096002_h4_w8.png
Coity,Coity,51.5212979,-3.5539979,Geoapify (Corrected),Fixed Typo (City -> Coity),9096002_h4_w8.png
Downtown,Downtown,34.047996,-118.2521002,Original,Exact Match,9096002_h4_w8.png
Buea,Buea,4.1567895,9.2315915,Geoapify (Corrected),Fixed Typo (BUENA -> Buea),9096002_h4_w8.png
Vista,Vista,33.2021284,-117.2424787,Geoapify (Corrected),Fixed Typo (~VISTA -> Vista),9096002_h4_w8.png
Davenport,Davenport,41.5235808,-90.5770967,Original,Exact Match,9096002_h4_w8.png
Orlando,Orlando,28.5421109,-81.3790304,Original,Exact Match,9096002_h4_w8.png
Coity,Coity,51.5212979,-3.5539979,Geoapify (Corrected),Fixed Typo (city -> Coity),9096002_h4_w8.png
Kissimmee,Kissimmee,28.2918995,-81.4075838,Original,Exact Match,9096002_h4_w8.png
Asha,Asha,54.9908896,57.2780531,Geoapify (Corrected),Fixed Typo (WASHA -> Asha),9096002_h4_w8.png
Florida,Florida,27.7567667,-81.4639835,Original,Exact Match,9096002_h4_w8.png
Cypress,Cypress,33.8248235,-118.0399368,Original,Exact Match,9096002_h4_w8.png
Sebastian,Sebastian,26.3428491,-97.790273,Original,Exact Match,9096002_h4_w8.png
Hamar,Hamar,61.0014937,11.16479641006573,Geoapify (Corrected),Fixed Typo (HarmAR -> Hamar),9103002_h2_w6.png
Holiday,Holiday,28.1879273,-82.740074,Original,Exact Match,9103002_h2_w6.png
Verona,Verona,43.8058478,-82.8810508,Original,Exact Match,9103002_h2_w6.png
Highland,Highland,39.1802516,-83.6304344,Original,Exact Match,9103002_h2_w6.png
Highland,Highland,39.1802516,-83.6304344,Original,Exact Match,9103002_h2_w6.png
Morningside,Morningside,-26.0780556,28.0644444,Geoapify (Corrected),Fixed Typo (NorNingside -> Morningside),9103002_h2_w6.png
Liberty,Liberty,39.246479,-94.419079,Original,Exact Match,9103002_h2_w6.png
Bloomfield,Bloomfield,40.7511569,-92.4145672,Original,Exact Match,9103002_h2_w6.png
Aiken,Aiken,33.5616173,-81.7224579,Geoapify (Corrected),Fixed Typo (AKEN -> Aiken),9103002_h2_w6.png
Hille,Hille,52.3360492,8.7452571,Geoapify (Corrected),Fixed Typo (Hill -> Hille),9103002_h2_w6.png
Holiday,Holiday,28.1879273,-82.740074,Original,Exact Match,9103002_h2_w6.png
Liberty,Liberty,39.246479,-94.419079,Original,Exact Match,9103002_h2_w6.png
Hille,Hille,52.3360492,8.7452571,Geoapify (Corrected),Fixed Typo (HiLl -> Hille),9103002_h2_w6.png
Bay,Bay,35.7428864,-90.5625134,Original,Exact Match,9105002_h2_w6.png
Natal,Natal,-5.805398,-35.2080905,Geoapify (Corrected),Fixed Typo (NATL -> Natal),9105002_h2_w6.png
Fargo,Fargo,46.877229,-96.789821,Original,Exact Match,9105002_h2_w6.png
Duluth,Duluth,46.7838287,-92.1052679,Original,Exact Match,9105002_h2_w6.png
Natal,Natal,-5.805398,-35.2080905,Geoapify (Corrected),Fixed Typo (NATL -> Natal),9105002_h2_w6.png
Xindian,Xindian,24.9673935,121.5419418,Geoapify (Corrected),Fixed Typo (INDIAN -> Xindian),9105002_h2_w6.png
Bismarck,Bismarck,46.808327,-100.783739,Original,Exact Match,9105002_h2_w6.png
Sirte,Sirte,31.2059625,16.5836206,Geoapify (Corrected),Fixed Typo (SITE -> Sirte),9105002_h2_w6.png
Minneapolis,Minneapolis,44.9772995,-93.2654692,Original,Exact Match,9105002_h2_w6.png
Rivera,Rivera,45.1147797,7.4137652,Geoapify (Corrected),Fixed Typo (RIVER -> Rivera),9105002_h2_w6.png
Brookings,Brookings,44.311461,-96.79844,Original,Exact Match,9105002_h2_w6.png
Ardea,Ardea,41.608712,12.519382,Geoapify (Corrected),Fixed Typo (AREA -> Ardea),9105002_h2_w6.png
Mankato,Mankato,44.1658533,-94.0028013,Original,Exact Match,9105002_h2_w6.png
Rochester,Rochester,43.157285,-77.615214,Original,Exact Match,9105002_h2_w6.png
Natal,Natal,-5.805398,-35.2080905,Geoapify (Corrected),Fixed Typo (NATL -> Natal),9105002_h2_w6.png
Mon,Mon,17.0832546,97.3337305,Original,Exact Match,9105002_h2_w6.png
Waterloo,Waterloo,43.4652699,-80.5222961,Geoapify (Corrected),Fixed Typo (WATERLOOE -> Waterloo),9105002_h2_w6.png
Ames,Ames,42.0267567,-93.6170448,Original,Exact Match,9105002_h2_w6.png
Rivera,Rivera,45.1147797,7.4137652,Geoapify (Corrected),Fixed Typo (RiveR -> Rivera),9105002_h2_w6.png
Omaha,Omaha,41.2587459,-95.9383758,Original,Exact Match,9105002_h2_w6.png
Sirte,Sirte,31.2059625,16.5836206,Geoapify (Corrected),Fixed Typo (Site -> Sirte),9105002_h2_w6.png
Coity,Coity,51.5212979,-3.5539979,Geoapify (Corrected),Fixed Typo (city -> Coity),9105002_h2_w6.png
Davenport,Davenport,41.5235808,-90.5770967,Original,Exact Match,9105002_h2_w6.png
Des Moines,Des Moines,41.5868654,-93.6249494,Original,Exact Match,9105002_h2_w6.png
Waterville,Waterville,44.5505773,-69.6303174,Original,Exact Match,9156000_h13_w4.png
Grove,Grove,53.5278975,10.4947533,Geoapify (Corrected),Fixed Typo (Gove -> Grove),9156000_h13_w4.png
Wayne,Wayne,41.6264414,-75.3045103,Geoapify (Corrected),Fixed Typo (wayney -> Wayne),9156000_h13_w4.png
Hazelwood,Hazelwood,38.7761446,-90.3715909,Original,Exact Match,9156000_h13_w4.png
Coity,Coity,51.5212979,-3.5539979,Geoapify (Corrected),Fixed Typo (CITY -> Coity),9156000_h13_w4.png
Hillsboro,Hillsboro,45.5228939,-122.989827,Geoapify (Corrected),Fixed Typo (Dillsboro -> Hillsboro),9156000_h13_w4.png
Saint George,Saint George,12.0535331,-61.751805,Geoapify (Corrected),Fixed Typo (SAINTGEORGE -> Saint George),9173000_h23_w3.png
Staten Island,Staten Island,40.5834557,-74.1496048,Geoapify (Corrected),Fixed Typo (Staten Island_ -> Staten Island),9173000_h23_w3.png
Hamilton,Hamilton,43.2560802,-79.8728583,Geoapify (Corrected),Fixed Typo (Hamilton) -> Hamilton),9173000_h23_w3.png
Dyker Heights,Dyker Heights,40.6204766,-74.0117343,Geoapify (Corrected),Fixed Typo ((Dyker Heights) -> Dyker Heights),9173000_h23_w3.png
Wadsworth,Wadsworth,41.0256101,-81.7298519,Geoapify (Corrected),Fixed Typo (Wadsworth) -> Wadsworth),9173000_h23_w3.png
Bay,Bay,35.7428864,-90.5625134,Original,Exact Match,9173000_h23_w3.png
Eau Claire,Eau Claire,44.811349,-91.4984941,Original,Exact Match,9191003_h7_w5.png
Hilliard,Hilliard,30.691068,-81.9173334,Geoapify (Corrected),Fixed Typo (Hilliards -> Hilliard),9191003_h7_w5.png
Washington ,Washington ,38.8950368,-77.0365427,Original,Exact Match,9191003_h7_w5.png
Buin,Buin,-33.7319741,-70.7419619,Geoapify (Corrected),Fixed Typo (Bruin -> Buin),9191003_h7_w5.png
Petrolina,Petrolina,-9.3817334,-40.4968875,Geoapify (Corrected),Fixed Typo (Petrolia -> Petrolina),9191003_h7_w5.png
Saint Charles,Saint Charles,38.783855,-90.481677,Original,Exact Match,9191003_h7_w5.png
Kearns,Kearns,40.6528603,-112.004618,Geoapify (Corrected),Fixed Typo (Karns -> Kearns),9191003_h7_w5.png
Coity,Coity,51.5212979,-3.5539979,Geoapify (Corrected),Fixed Typo (City -> Coity),9191003_h7_w5.png
Sligo,Sligo,41.1081472,-79.491149,Original,Exact Match,9191003_h7_w5.png
Coity,Coity,51.5212979,-3.5539979,Geoapify (Corrected),Fixed Typo (City -> Coity),9191003_h7_w5.png
Rivera,Rivera,45.1147797,7.4137652,Geoapify (Corrected),Fixed Typo (River -> Rivera),9191003_h7_w5.png
Central,Central,7.3819490000000005,80.72342798602898,Original,Exact Match,9255000_h10_w6.png
Rivera,Rivera,45.1147797,7.4137652,Geoapify (Corrected),Fixed Typo (River -> Rivera),9255000_h10_w6.png
Rivne,Rivne,50.6196175,26.2513165,Geoapify (Corrected),Fixed Typo (Rive  -> Rivne),9255000_h10_w6.png
Rivera,Rivera,45.1147797,7.4137652,Geoapify (Corrected),Fixed Typo (River -> Rivera),9255000_h10_w6.png
Belgrade,Belgrade,44.8178131,20.4568974,Original,Exact Match,9260000_h14_w4.png
Willmar,Willmar,45.1219492,-95.0435373,Original,Exact Match,9260000_h14_w4.png
Shakopee,Shakopee,44.7980186,-93.5268986,Original,Exact Match,9260000_h14_w4.png
Xindian,Xindian,24.9673935,121.5419418,Geoapify (Corrected),Fixed Typo (Indian -> Xindian),9267000_h10_w5.png
Huntsville,Huntsville,34.729847,-86.5859011,Original,Exact Match,9267000_h10_w5.png
Lewiston,Lewiston,46.4195913,-117.0216144,Geoapify (Corrected),Fixed Typo (Lewistown -> Lewiston),9267000_h10_w5.png
Green Valley,Green Valley,34.6163079,-118.4034763,Geoapify (Corrected),Fixed Typo (Green Valle) -> Green Valley),9309000_h8_w11.png
Paks,Paks,46.6229468,18.8589364,Geoapify (Corrected),Fixed Typo (Peaks -> Paks),9309000_h8_w11.png
Bear,Bear,39.6292788,-75.6582628,Original,Exact Match,9309000_h8_w11.png
Runing,Runing,33.010252,114.3507823,Geoapify (Corrected),Fixed Typo (Running -> Runing),9309000_h8_w11.png
Seven Oaks,Seven Oaks,30.8521374,-94.8671545,Original,Exact Match,9309000_h8_w11.png
Springs,Springs,41.0162112,-72.1592444,Original,Exact Match,9309000_h8_w11.png
Bear,Bear,39.6292788,-75.6582628,Original,Exact Match,9309000_h8_w11.png
San,San,11.8444164,-3.2748386,Original,Exact Match,9309000_h8_w11.png
Morong,Morong,14.5151374,121.2380858,Geoapify (Corrected),Fixed Typo (Morongo -> Morong),9309000_h8_w11.png
Basel,Basel,47.5581077,7.5878261,Geoapify (Corrected),Fixed Typo (Base -> Basel),9309000_h8_w11.png
Menton,Menton,43.7753495,7.5029213,Geoapify (Corrected),Fixed Typo (Mentone -> Menton),9309000_h8_w11.png
Redlands,Redlands,34.0550328,-117.1827445,Original,Exact Match,9309000_h8_w11.png
Springs,Springs,41.0162112,-72.1592444,Original,Exact Match,9309000_h8_w11.png
Banning,Banning,33.9255685,-116.875289,Original,Exact Match,9309000_h8_w11.png
Palm Springs,Palm Springs,33.8246269,-116.540303,Original,Exact Match,9309000_h8_w11.png
Beaumont,Beaumont,30.0829344,-94.0984277,Original,Exact Match,9309000_h8_w11.png
Palm Springs,Palm Springs,33.8246269,-116.540303,Geoapify (Corrected),Fixed Typo (Palm_Springs -> Palm Springs),9309000_h8_w11.png
Palm Springs,Palm Springs,33.8246269,-116.540303,Geoapify (Corrected),Fixed Typo (Palm Spring -> Palm Springs),9309000_h8_w11.png
Perris,Perris,33.7818729,-117.2298477,Original,Exact Match,9309000_h8_w11.png
San Jacinto,San Jacinto,33.7839664,-116.9589086,Original,Exact Match,9309000_h8_w11.png
Hemet,Hemet,33.7475203,-116.9719684,Original,Exact Match,9309000_h8_w11.png
Winchester,Winchester,39.1852184,-78.1652404,Original,Exact Match,9309000_h8_w11.png
Coity,Coity,51.5212979,-3.5539979,Geoapify (Corrected),Fixed Typo (City -> Coity),9309000_h8_w11.png
Rivas,Rivas,45.5858,4.24753,Geoapify (Corrected),Fixed Typo (Riva -> Rivas),9309000_h8_w11.png
Duncan,Duncan,48.7786872,-123.7080446,Geoapify (Corrected),Fixed Typo (Duncans -> Duncan),9361000_h5_w12.png
Rivera,Rivera,45.1147797,7.4137652,Geoapify (Corrected),Fixed Typo (River -> Rivera),9361000_h5_w12.png
Madison,Madison,43.074761,-89.3837613,Original,Exact Match,9361000_h5_w12.png
Florida,Florida,27.7567667,-81.4639835,Original,Exact Match,9361000_h5_w12.png
Paris,Paris,48.8534951,2.3483915,Original,Exact Match,9361000_h5_w12.png
Evansville,Evansville,37.970495,-87.5715641,Original,Exact Match,9361000_h5_w12.png
Perry,Perry,32.4586695,-83.7319658,Original,Exact Match,9361000_h5_w12.png
Centralia,Centralia,38.5250491,-89.1334037,Geoapify (Corrected),Fixed Typo (Centraliat -> Centralia),9361000_h5_w12.png
Hille,Hille,52.3360492,8.7452571,Geoapify (Corrected),Fixed Typo (Hill -> Hille),9361000_h5_w12.png
Mexico,Mexico,23.6585116,-102.0077097,Geoapify (Corrected),Fixed Typo (MEXICOr -> Mexico),9361000_h5_w12.png
Coity,Coity,51.5212979,-3.5539979,Geoapify (Corrected),Fixed Typo (City -> Coity),9361000_h5_w12.png
Salt,Salt,41.9741672,2.7949886,Original,Exact Match,9361000_h5_w12.png
Along,Along,28.1698002,94.79854,Geoapify (Corrected),Fixed Typo (Long -> Along),9361000_h5_w12.png
Thomson,Thomson,33.4663248,-82.5026089,Geoapify (Corrected),Fixed Typo (Thompson -> Thomson),9361000_h5_w12.png
Chicago,Chicago,41.8755616,-87.6244212,Original,Exact Match,9361000_h5_w12.png
Benton,Benton,34.5645372,-92.586828,Original,Exact Match,9361000_h5_w12.png
Coity,Coity,51.5212979,-3.5539979,Geoapify (Corrected),Fixed Typo (City -> Coity),9361000_h5_w12.png
Pittsburgh,Pittsburgh,40.4416941,-79.9900861,Original,Exact Match,9526003_h5_w11.png
Philadelphia,Philadelphia,39.9527237,-75.1635262,Geoapify (Corrected),Fixed Typo (Philadelphiac -> Philadelphia),9526003_h5_w11.png
Wilmington,Wilmington,39.7459468,-75.546589,Original,Exact Match,9526003_h5_w11.png
Baltimore,Baltimore,39.2908816,-76.610759,Original,Exact Match,9526003_h5_w11.png
Annapolis,Annapolis,38.9786401,-76.492786,Geoapify (Corrected),Fixed Typo (SANNAPOLIS -> Annapolis),9526003_h5_w11.png
Vernon,Vernon,34.007135,-118.22525,Original,Exact Match,9526003_h5_w11.png
Springs,Springs,41.0162112,-72.1592444,Original,Exact Match,9526003_h5_w11.png
Springs,Springs,-26.2550033,28.4373147,Geoapify (Corrected),Fixed Typo (SPringsv -> Springs),9526003_h5_w11.png
Raleigh,Raleigh,35.7803977,-78.6390989,Original,Exact Match,9526003_h5_w11.png
Baitu,Baitu,28.2080929,115.9847595,Geoapify (Corrected),Fixed Typo (bitu -> Baitu),9526003_h5_w11.png
Wakefield,Wakefield,42.506484,-71.0728306,Original,Exact Match,9526003_h5_w11.png
Stratford,Stratford,52.1927803,-1.70634,Geoapify (Corrected),Fixed Typo (StrATFORDO -> Stratford),9526003_h5_w11.png
Shenandoah,Shenandoah,40.7655468,-95.3723535,Original,Exact Match,9526003_h5_w11.png
Potomac,Potomac,39.017936,-77.2094542,Original,Exact Match,9526003_h5_w11.png
Richmond,Richmond,37.5385087,-77.43428,Original,Exact Match,9526003_h5_w11.png
Jamestown,Jamestown,42.0965167,-79.2380322,Geoapify (Corrected),Fixed Typo (QJAMESTOWN -> Jamestown),9526003_h5_w11.png
Sulphur,Sulphur,30.2365943,-93.3773783,Original,Exact Match,9530001_h5_w11.png
Lexington,Lexington,38.0464066,-84.4970393,Geoapify (Corrected),Fixed Typo (Lexigton -> Lexington),9530001_h5_w11.png
Spring,Spring,45.9745886,23.7773831,Geoapify (Corrected),Fixed Typo (Sprig -> Spring),9530001_h5_w11.png
Rizal,Rizal,14.65,121.25,Geoapify (Corrected),Fixed Typo (RIAL -> Rizal),9530001_h5_w11.png
Roanoke,Roanoke,37.270973,-79.9414313,Original,Exact Match,9530001_h5_w11.png
Bristol,Bristol,51.4538022,-2.5972985,Geoapify (Corrected),Fixed Typo (Bristole -> Bristol),9530001_h5_w11.png
Coity,Coity,51.5212979,-3.5539979,Geoapify (Corrected),Fixed Typo (City -> Coity),9530001_h5_w11.png
Salem,Salem,44.9391565,-123.033121,Original,Exact Match,9530001_h5_w11.png
Johnston,Johnston,41.6731523,-93.6973395,Geoapify (Corrected),Fixed Typo (Johnson -> Johnston),9530001_h5_w11.png
Raleigh,Raleigh,35.7803977,-78.6390989,Original,Exact Match,9530001_h5_w11.png
Hickory,Hickory,35.7333312,-81.3442915,Original,Exact Match,9530001_h5_w11.png
Fort Bragg,Fort Bragg,39.4436579,-123.8057607,Geoapify (Corrected),Fixed Typo (Ft Bragg -> Fort Bragg),9530001_h5_w11.png
Murray,Murray,36.6106122,-88.3021092,Original,Exact Match,9530001_h5_w11.png
Macon,Macon,32.8406946,-83.6324022,Original,Exact Match,9530001_h5_w11.png
Richmond,Richmond,37.5385087,-77.43428,Original,Exact Match,9530001_h5_w11.png
Lexington,Lexington,38.0464066,-84.4970393,Geoapify (Corrected),Fixed Typo (LexingtonQ -> Lexington),9530001_h5_w11.png
Lynchburg,Lynchburg,37.4137536,-79.1422464,Original,Exact Match,9530001_h5_w11.png
Petersburg,Petersburg,59.938732,30.316229,Original,Exact Match,9530001_h5_w11.png
Comal,Comal,29.7979704,-98.2690787,Geoapify (Corrected),Fixed Typo (COAL -> Comal),9530001_h5_w11.png
Minning,Minning,38.2539,105.969,Geoapify (Corrected),Fixed Typo (MINING -> Minning),9530001_h5_w11.png
Cumberland,Cumberland,39.6526498,-78.762383,Geoapify (Corrected),Fixed Typo (UMBERLAND -> Cumberland),9530001_h5_w11.png
Lacey,Lacey,47.0263876,-122.8072257,Geoapify (Corrected),Fixed Typo (LACE -> Lacey),9530001_h5_w11.png
Kingsport,Kingsport,36.550238,-82.5594293,Original,Exact Match,9530001_h5_w11.png
Green,Green,39.427776,-97.001961,Geoapify (Corrected),Fixed Typo (GREENE -> Green),9530001_h5_w11.png
Mitchell,Mitchell,43.70953,-98.025379,Original,Exact Match,9530001_h5_w11.png
Pinehurst,Pinehurst,30.1071543,-93.7746117,Original,Exact Match,9530001_h5_w11.png
Asheville,Asheville,35.595363,-82.5508407,Original,Exact Match,9530001_h5_w11.png
Gastonia,Gastonia,35.2622654,-81.1838186,Original,Exact Match,9530001_h5_w11.png
Charlotte ,Charlotte ,35.2272086,-80.8430827,Original,Exact Match,9530001_h5_w11.png
Spartanburg,Spartanburg,34.9498007,-81.9320157,Original,Exact Match,9530001_h5_w11.png
Columbia,Columbia,34.000754,-81.0352313,Original,Exact Match,9530001_h5_w11.png
Aiken,Aiken,33.5616173,-81.7224579,Original,Exact Match,9530001_h5_w11.png
Augusta,Augusta,33.4709714,-81.9748429,Original,Exact Match,9530001_h5_w11.png
Charleston,Charleston,32.7884363,-79.9399309,Geoapify (Corrected),Fixed Typo ('Charleston -> Charleston),9530001_h5_w11.png
Plymouth,Plymouth,41.9583799,-70.6673851,Original,Exact Match,9530002_h8_w10.png
Williamsport,Williamsport,41.2411556,-77.0011096,Original,Exact Match,9530002_h8_w10.png
Montgomery,Montgomery,32.37742,-86.3091683,Original,Exact Match,9530002_h8_w10.png
Berwick,Berwick,41.0602024,-76.2461259,Original,Exact Match,9530002_h8_w10.png
Hale,Hale,39.6036334,-93.3424307,Geoapify (Corrected),Fixed Typo (Hazle -> Hale),9530002_h8_w10.png
Danville,Danville,40.125222,-87.6304614,Original,Exact Match,9530002_h8_w10.png
Carmel,Carmel,36.5552656,-121.923278,Original,Exact Match,9530002_h8_w10.png
Philipsburg,Philipsburg,18.0250713,-63.0483073,Geoapify (Corrected),Fixed Typo ('Phillipsburg -> Philipsburg),9530002_h8_w10.png
Middelburg,Middelburg,51.4996784,3.6137371,Geoapify (Corrected),Fixed Typo (Middleburg -> Middelburg),9530002_h8_w10.png
Tremont,Tremont,40.6284222,-76.3871768,Original,Exact Match,9530002_h8_w10.png
Porta,Porta,42.5260507,1.8256362,Geoapify (Corrected),Fixed Typo (Port -> Porta),9530002_h8_w10.png
Hamburg,Hamburg,53.550341,10.000654,Original,Exact Match,9530002_h8_w10.png
Newport,Newport,41.4899827,-71.3137707,Original,Exact Match,9530002_h8_w10.png
Seminole,Seminole,32.7167351,-102.6490967,Original,Exact Match,9530002_h8_w10.png
Hobbs,Hobbs,32.7027017,-103.1355302,Geoapify (Corrected),Fixed Typo (obbs -> Hobbs),9530002_h8_w10.png
La Mesa,La Mesa,32.7678288,-117.0230839,Geoapify (Corrected),Fixed Typo (Lamesa -> La Mesa),9530002_h8_w10.png
Time,Time,39.5614368,-90.7242938,Geoapify (Corrected),Fixed Typo (Time` -> Time),9530002_h8_w10.png
Shafter,Shafter,35.501461,-119.273682,Original,Exact Match,9530002_h8_w10.png
Merke,Merke,51.8002387,14.9146759,Geoapify (Corrected),Fixed Typo (Merkel -> Merke),9530002_h8_w10.png
Shenandoah,Shenandoah,40.7655468,-95.3723535,Geoapify (Corrected),Fixed Typo (IShenandoah' -> Shenandoah),9530002_h8_w10.png
Rivera,Rivera,45.1147797,7.4137652,Geoapify (Corrected),Fixed Typo (River -> Rivera),9530002_h8_w10.png
Lewiston,Lewiston,46.4195913,-117.0216144,Geoapify (Corrected),Fixed Typo (Lewistown -> Lewiston),9530002_h8_w10.png
Sweetwater,Sweetwater,32.4709519,-100.405938,Geoapify (Corrected),Fixed Typo (iSweetwater -> Sweetwater),9530002_h8_w10.png
Amarillo,Amarillo,35.20729,-101.8371192,Original,Exact Match,9532003_h6_w7.png
Clinton,Clinton,41.8502821,-90.1877485,Original,Exact Match,9532003_h6_w7.png
El Reno,El Reno,35.532198,-97.9550578,Original,Exact Match,9532003_h6_w7.png
Hobart,Hobart,-42.8825088,147.3281233,Geoapify (Corrected),Fixed Typo (Hobarte  -> Hobart),9532003_h6_w7.png
Chickasha,Chickasha,35.0512159,-97.9370036,Original,Exact Match,9532003_h6_w7.png
Memphis,Memphis,35.1460249,-90.0517638,Original,Exact Match,9532003_h6_w7.png
Pari,Pari,48.8534951,2.3483915,Original,Exact Match,9532003_h6_w7.png
Frederick,Frederick,39.415779,-77.4127562,Original,Exact Match,9532003_h6_w7.png
Duncan,Duncan,34.5023029,-97.9578129,Original,Exact Match,9532003_h6_w7.png
Plainview,Plainview,34.1847936,-101.706841,Original,Exact Match,9532003_h6_w7.png
Rivera,Rivera,45.1147797,7.4137652,Geoapify (Corrected),Fixed Typo (River -> Rivera),9532003_h6_w7.png
Ardmore,Ardmore,34.1729273,-97.1309119,Original,Exact Match,9532003_h6_w7.png
Wichita Falls,Wichita Falls,33.9004572,-98.5020777,Original,Exact Match,9532003_h6_w7.png
Cleveland,Cleveland,41.4996574,-81.6936772,Geoapify (Corrected),Fixed Typo (Levelland -> Cleveland),9532003_h6_w7.png
Lubbock,Lubbock,33.5855677,-101.8470215,Original,Exact Match,9532003_h6_w7.png
Henrietta,Henrietta,33.8166258,-98.194682,Original,Exact Match,9532003_h6_w7.png
Bowie,Bowie,39.0080601,-76.7797899,Geoapify (Corrected),Fixed Typo (Bowie? -> Bowie),9532003_h6_w7.png
Graham,Graham,33.1020053,-98.581341,Original,Exact Match,9532003_h6_w7.png
Denton,Denton,33.2150386,-97.1330516,Original,Exact Match,9532003_h6_w7.png
Stamford,Stamford,41.0534302,-73.5387341,Original,Exact Match,9532003_h6_w7.png
Hobbs,Hobbs,32.7027017,-103.1355302,Original,Exact Match,9532003_h6_w7.png
La Mesa,La Mesa,32.7678288,-117.0230839,Geoapify (Corrected),Fixed Typo (Lamesa -> La Mesa),9532003_h6_w7.png
Wels,Wels,48.1565472,14.0243752,Geoapify (Corrected),Fixed Typo (Wells -> Wels),9532003_h6_w7.png
Bracken Ridge,Bracken Ridge,-27.317662,153.03393576327434,Geoapify (Corrected),Fixed Typo (Breckenridge -> Bracken Ridge),9532003_h6_w7.png
Sweetwater,Sweetwater,32.4709519,-100.405938,Original,Exact Match,9532003_h6_w7.png
Fort Worth,Fort Worth,32.753177,-97.3327459,Geoapify (Corrected),"Fixed Typo (""FortWorth -> Fort Worth)",9532003_h6_w7.png
Midland,Midland,31.9973662,-102.077948,Geoapify (Corrected),Fixed Typo (Midlandy -> Midland),9532003_h6_w7.png
Stephenville,Stephenville,32.2201387,-98.2045388,Geoapify (Corrected),Fixed Typo (Stephenville . -> Stephenville),9532003_h6_w7.png
Brownwood,Brownwood,31.7156858,-98.983442,Original,Exact Match,9532003_h6_w7.png
Temple,Temple,31.098207,-97.3427847,Original,Exact Match,9532003_h6_w7.png
Buchanan,Buchanan,33.8026048,-85.1885607,Original,Exact Match,9532003_h6_w7.png
Taylor,Taylor,42.240872,-83.2696509,Original,Exact Match,9532003_h6_w7.png
Austin,Austin,30.2711286,-97.7436995,Original,Exact Match,9532003_h6_w7.png
Fredericksburg,Fredericksburg,38.3031837,-77.4605399,Original,Exact Match,9532003_h6_w7.png
Coity,Coity,51.5212979,-3.5539979,Geoapify (Corrected),Fixed Typo (City -> Coity),9532003_h6_w7.png
Coity,Coity,51.5212979,-3.5539979,Geoapify (Corrected),Fixed Typo (City -> Coity),9532003_h6_w7.png
Clovis,Clovis,34.405472,-103.2050709,Original,Exact Match,9532003_h6_w7.png
Abilene,Abilene,32.44645,-99.7475905,Geoapify (Corrected),Fixed Typo (YAbilene -> Abilene),9532003_h6_w7.png
Springs,Springs,41.0162112,-72.1592444,Original,Exact Match,9532003_h6_w7.png
Odessa,Odessa,31.8457149,-102.367687,Original,Exact Match,9532003_h6_w7.png
Colorado,Colorado,38.7251776,-105.607716,Original,Exact Match,9532003_h6_w7.png
San,San,11.8444164,-3.2748386,Original,Exact Match,9532003_h6_w7.png
Rivera,Rivera,45.1147797,7.4137652,Geoapify (Corrected),Fixed Typo (River -> Rivera),9532003_h6_w7.png
Anderson,Anderson,40.1053196,-85.6802541,Geoapify (Corrected),Fixed Typo (Sanderson -> Anderson),9532003_h6_w7.png
Gare,Gare,42.3724798,21.6268015,Original,Exact Match,9534006_h3_w2.png
Paris,Paris,48.8534951,2.3483915,Original,Exact Match,9534006_h3_w2.png
Cham,Cham,49.2178194,12.6663832,Geoapify (Corrected),Fixed Typo (Champ -> Cham),9534006_h3_w2.png
Tours,Tours,47.3900474,0.6889268,Geoapify (Corrected),Fixed Typo (Tour -> Tours),9534006_h3_w2.png
Fontaine,Fontaine,36.0002035,-90.8139667,Original,Exact Match,9534006_h3_w2.png
Versailles,Versailles,38.052576,-84.7299464,Original,Exact Match,9534006_h3_w2.png
Cham,Cham,49.2178194,12.6663832,Geoapify (Corrected),Fixed Typo (Champ -> Cham),9534006_h3_w2.png
Paris,Paris,48.8534951,2.3483915,Original,Exact Match,9534006_h3_w2.png
Rheine,Rheine,52.2797707,7.4373615,Geoapify (Corrected),Fixed Typo (REINE -> Rheine),9534006_h3_w2.png
Paine,Paine,-33.8101102,-70.7390236,Geoapify (Corrected),Fixed Typo (Plaine -> Paine),9534006_h3_w2.png
Damme,Damme,51.2514978,3.281482,Geoapify (Corrected),Fixed Typo (Dame -> Damme),9534006_h3_w2.png
Gare,Gare,42.3724798,21.6268015,Original,Exact Match,9534006_h3_w2.png
Larne,Larne,54.8508458,-5.8183116,Geoapify (Corrected),Fixed Typo (LanE -> Larne),9610001_h2_w3.png
Cleveland,Cleveland,41.4996574,-81.6936772,Original,Exact Match,9610001_h2_w3.png
Superior,Superior,46.7207737,-92.1040796,Geoapify (Corrected),Fixed Typo (UPERIOR -> Superior),9610001_h2_w3.png
Estelle,Estelle,29.8457628,-90.1067399,Geoapify (Corrected),Fixed Typo (Lestelle -> Estelle),9614003_h3_w9.png
Cocos,Cocos,18.45693465,-66.9129895719989,Original,Exact Match,9614003_h3_w9.png
Larne,Larne,54.8508458,-5.8183116,Geoapify (Corrected),Fixed Typo (LANE -> Larne),9614003_h3_w9.png
Pontiac,Pontiac,42.6389216,-83.2910468,Original,Exact Match,9614003_h3_w9.png
Khobar,Khobar,26.3039999,50.1960237,Geoapify (Corrected),Fixed Typo (HOBAR -> Khobar),9614003_h3_w9.png
Adam,Adam,22.3840219,57.5240243,Geoapify (Corrected),Fixed Typo (ADAMS -> Adam),9614003_h3_w9.png
Aroa,Aroa,10.4421908,-68.8978308,Geoapify (Corrected),Fixed Typo (AROSA -> Aroa),9614003_h3_w9.png
Adam,Adam,22.3840219,57.5240243,Geoapify (Corrected),Fixed Typo (ADAMS -> Adam),9614003_h3_w9.png
Madison,Madison,43.074761,-89.3837613,Original,Exact Match,9614003_h3_w9.png
Adelaide,Adelaide,-34.9281805,138.5999312,Original,Exact Match,9614003_h3_w9.png
Ilave,Ilave,-16.086789,-69.6385874,Geoapify (Corrected),Fixed Typo (IAVE -> Ilave),9614003_h3_w9.png
Oria,Oria,37.4841014,-2.2924853,Geoapify (Corrected),Fixed Typo ('oria -> Oria),9614003_h3_w9.png
Ilave,Ilave,-16.086789,-69.6385874,Geoapify (Corrected),Fixed Typo (IAVE -> Ilave),9614003_h3_w9.png
Orange,Orange,33.7872568,-117.850308,Original,Exact Match,9614003_h3_w9.png
Tarragona,Tarragona,41.1172364,1.2546057,Geoapify (Corrected),Fixed Typo (TaRraGONE -> Tarragona),9614003_h3_w9.png
University,University,28.597661,-81.2158247,Original,Exact Match,9614003_h3_w9.png
Ogden,Ogden,41.2230048,-111.9738429,Original,Exact Match,9614003_h3_w9.png
Sterling,Sterling,41.788253,-89.6953656,Geoapify (Corrected),Fixed Typo (TERLING -> Sterling),9614003_h3_w9.png
Sterling,Sterling,41.788253,-89.6953656,Original,Exact Match,9614003_h3_w9.png
Nava,Nava,43.3582544,-5.5057607,Geoapify (Corrected),Fixed Typo (NAVAL -> Nava),9614003_h3_w9.png
Hermosa,Hermosa,43.839867,-103.191374,Original,Exact Match,9615000_h8_w6.png
Tapachula,Tapachula,14.9042905,-92.2609265,Geoapify (Corrected),Fixed Typo (Tapachul -> Tapachula),9615000_h8_w6.png
Ashington,Ashington,55.1832364,-1.57027,Geoapify (Corrected),Fixed Typo (ishington -> Ashington),9615000_h8_w6.png
Cincinnati,Cincinnati,39.1014537,-84.5124602,Original,Exact Match,9615000_h8_w6.png
Richmond,Richmond,37.5385087,-77.43428,Original,Exact Match,9615000_h8_w6.png
Raleigh,Raleigh,35.7803977,-78.6390989,Geoapify (Corrected),Fixed Typo (Raleighe -> Raleigh),9615000_h8_w6.png
Forest,Forest,32.3645888,-89.4742348,Original,Exact Match,9615000_h8_w6.png
Knoxville,Knoxville,35.9603948,-83.9210261,Original,Exact Match,9615000_h8_w6.png
Charleston,Charleston,32.7884363,-79.9399309,Original,Exact Match,9615000_h8_w6.png
Memphis,Memphis,35.1460249,-90.0517638,Original,Exact Match,9615000_h8_w6.png
Atlanta,Atlanta,33.7544657,-84.3898151,Original,Exact Match,9615000_h8_w6.png
Jacksonville,Jacksonville,30.3321838,-81.655651,Original,Exact Match,9615000_h8_w6.png
Mobile,Mobile,30.6913462,-88.0437509,Original,Exact Match,9615000_h8_w6.png
Orleans,Orleans,43.4471778,-95.0924946,Original,Exact Match,9615000_h8_w6.png
Nassau,Nassau,45.0663534,-96.4397751,Original,Exact Match,9615000_h8_w6.png
Ami,Ami,36.030794,140.2136028,Original,Exact Match,9615000_h8_w6.png
San,San,11.8444164,-3.2748386,Original,Exact Match,9615000_h8_w6.png
Mantilla,Mantilla,-28.751389,-58.6530602,Geoapify (Corrected),Fixed Typo (Antilla -> Mantilla),9615000_h8_w6.png
Trujillo,Trujillo,-8.1116778,-79.0287742,Geoapify (Corrected),Fixed Typo (ITrujillo -> Trujillo),9615000_h8_w6.png
Jamaica,Jamaica,18.1850507,-77.3947693,Original,Exact Match,9615000_h8_w6.png
Kingston,Kingston,41.9287812,-74.0023825,Original,Exact Match,9615000_h8_w6.png
Belize,Belize,17.1204943,-88.6859028,Original,Exact Match,9615000_h8_w6.png
Maracaibo,Maracaibo,10.6498095,-71.6443596,Original,Exact Match,9615000_h8_w6.png
Barranquilla,Barranquilla,10.9938599,-74.7926118,Original,Exact Match,9615000_h8_w6.png
Tegucigalpa,Tegucigalpa,14.1057433,-87.2040052,Geoapify (Corrected),Fixed Typo (Tegucigdlpa -> Tegucigalpa),9615000_h8_w6.png
Managua,Managua,12.1544035,-86.2737642,Original,Exact Match,9615000_h8_w6.png
Davis,Davis,38.5435526,-121.739005,Original,Exact Match,9619000_h5_w6.png
Forst,Forst,51.7438586,14.6455395,Geoapify (Corrected),Fixed Typo (FORt -> Forst),9629002_h3_w7.png
Reservoir,Reservoir,-37.7123767,145.0074935,Geoapify (Corrected),Fixed Typo (Reservoi -> Reservoir),9629002_h3_w7.png
Larne,Larne,54.8508458,-5.8183116,Geoapify (Corrected),Fixed Typo (LANE -> Larne),9629002_h3_w7.png
Poole,Poole,50.7179472,-1.981521,Geoapify (Corrected),Fixed Typo (Pool -> Poole),9629002_h3_w7.png
Goma,Goma,-1.6665685,29.225652,Geoapify (Corrected),Fixed Typo (Gompa -> Goma),9643001_h3_w8.png
Pori,Pori,61.4866126,21.7972071,Geoapify (Corrected),Fixed Typo (Ponri -> Pori),9643001_h3_w8.png
Goma,Goma,-1.6665685,29.225652,Geoapify (Corrected),Fixed Typo (Gompa -> Goma),9643001_h3_w8.png
Goma,Goma,-1.6665685,29.225652,Geoapify (Corrected),Fixed Typo (Gompa -> Goma),9643001_h3_w8.png
Plattsburgh,Plattsburgh,44.6960855,-73.4542915,Geoapify (Corrected),Fixed Typo (PLATTSBURG -> Plattsburgh),9685000_h4_w3.png
Lathrop,Lathrop,37.8227046,-121.27661,Geoapify (Corrected),Fixed Typo ('Lathrop -> Lathrop),9685000_h4_w3.png
Dearborn,Dearborn,42.3222599,-83.1763145,Original,Exact Match,9685000_h4_w3.png
Holt,Holt,48.2919155,-96.1925311,Original,Exact Match,9685000_h4_w3.png
Coity,Coity,51.5212979,-3.5539979,Geoapify (Corrected),Fixed Typo (CITY -> Coity),9685000_h4_w3.png
Kearney,Kearney,40.699478,-99.081858,Original,Exact Match,9685000_h4_w3.png
Springs,Springs,41.0162112,-72.1592444,Original,Exact Match,9685000_h4_w3.png
Nashua,Nashua,42.7656251,-71.4677032,Original,Exact Match,9685000_h4_w3.png
Parkville,Parkville,39.3773292,-76.5396875,Original,Exact Match,9685000_h4_w3.png
Atherton,Atherton,37.453773,-122.2058272,Original,Exact Match,9685000_h4_w3.png
Independence,Independence,39.0924792,-94.4137923,Original,Exact Match,9685000_h4_w3.png
Topeka,Topeka,39.049011,-95.677556,Original,Exact Match,9685000_h4_w3.png
Valls,Valls,41.2835355,1.2473637,Geoapify (Corrected),Fixed Typo (Vall -> Valls),9685000_h4_w3.png
Longview,Longview,32.5007031,-94.74049,Original,Exact Match,9685000_h4_w3.png
Eger,Eger,47.8989887,20.3743665,Geoapify (Corrected),Fixed Typo (Edger -> Eger),9685000_h4_w3.png
Coity,Coity,51.5212979,-3.5539979,Geoapify (Corrected),Fixed Typo (City -> Coity),9685000_h4_w3.png
Weston,Weston,26.1003392,-80.399513,Original,Exact Match,9685000_h4_w3.png
Tracy,Tracy,37.7385507,-121.420139,Original,Exact Match,9685000_h4_w3.png
Coity,Coity,51.5212979,-3.5539979,Geoapify (Corrected),Fixed Typo (City -> Coity),9685000_h4_w3.png
Springs,Springs,41.0162112,-72.1592444,Original,Exact Match,9685000_h4_w3.png
Hille,Hille,52.3360492,8.7452571,Geoapify (Corrected),Fixed Typo (Hill -> Hille),9687122_h2_w2.png
Columbia,Columbia,34.000754,-81.0352313,Geoapify (Corrected),Fixed Typo (COLUMBIAY -> Columbia),9687122_h2_w2.png
Florin,Florin,40.1134949,-76.5256964,Geoapify (Corrected),Fixed Typo (FLORI -> Florin),9687122_h2_w2.png
Massy,Massy,49.6902106,1.399492,Geoapify (Corrected),Fixed Typo (MAsS -> Massy),9687122_h2_w2.png
Burke,Burke,31.2318536,-94.7685411,Geoapify (Corrected),Fixed Typo (WBurke -> Burke),9731011_h2_w2.png
Kirkby,Kirkby,53.4821071,-2.8886045,Geoapify (Corrected),Fixed Typo (KiRBY -> Kirkby),9731011_h2_w2.png
Bath,Bath,43.9133661,-69.8140298,Original,Exact Match,9731011_h2_w2.png
Hyde Park,Hyde Park,41.7944464,-87.5939244,Geoapify (Corrected),Fixed Typo (HYDE PARlk -> Hyde Park),9731011_h2_w2.png
Mansfield,Mansfield,53.1443785,-1.1964165,Geoapify (Corrected),Fixed Typo (Mansfiels -> Mansfield),9731011_h2_w2.png
Chin,Chin,9.1063553,-75.3989007,Geoapify (Corrected),Fixed Typo (Chin -> Chin),9731011_h2_w2.png
Springs,Springs,-26.2550033,28.4373147,Geoapify (Corrected),Fixed Typo (Isprings -> Springs),9731011_h2_w2.png
Waterbury,Waterbury,41.5538091,-73.0438362,Geoapify (Corrected),Fixed Typo (waterbuty -> Waterbury),9731011_h2_w2.png
Northfield,Northfield,44.4582041,-93.161159,Geoapify (Corrected),Fixed Typo (Northlield -> Northfield),9731011_h2_w2.png
Telde,Telde,27.9984538,-15.4166761,Geoapify (Corrected),Fixed Typo (TELD -> Telde),9731011_h2_w2.png
Springs,Springs,-26.2550033,28.4373147,Geoapify (Corrected),Fixed Typo ({Springs -> Springs),9731011_h2_w2.png
Ashington,Ashington,55.1832364,-1.57027,Original,Exact Match,9731011_h2_w2.png
Haverhill,Haverhill,42.7777829,-71.0767724,Geoapify (Corrected),Fixed Typo (Haverhil -> Haverhill),9731011_h2_w2.png
Biak,Biak,-1.1836086,136.0816321,Geoapify (Corrected),Fixed Typo (Biack -> Biak),9731011_h2_w2.png
Bradford,Bradford,41.1774952,-89.6578789,Original,Exact Match,9731011_h2_w2.png
Springs ,Springs ,41.0162112,-72.1592444,Original,Exact Match,9731011_h2_w2.png
Alton,Alton,38.8908583,-90.1843091,Original,Exact Match,9731011_h2_w2.png
Alton,Alton,38.8908583,-90.1843091,Geoapify (Corrected),Fixed Typo (ralton -> Alton),9731011_h2_w2.png
Haney,Haney,43.238677100000004,-90.84370978598098,Geoapify (Corrected),Fixed Typo (hney -> Haney),9731011_h2_w2.png
Hillside,Hillside,41.8778084,-87.9028398,Original,Exact Match,9733049_h4_w8.png
Hille,Hille,52.3360492,8.7452571,Geoapify (Corrected),Fixed Typo (Hill -> Hille),9733049_h4_w8.png
Harper,Harper,41.3624875,-92.0510088,Geoapify (Corrected),Fixed Typo (Harpere -> Harper),9733049_h4_w8.png
Rockledge,Rockledge,28.330831,-80.7349162,Geoapify (Corrected),Fixed Typo (Rockledges -> Rockledge),9733049_h4_w8.png
Fox Chase,Fox Chase,38.0456219,-85.6927366,Original,Exact Match,9733049_h4_w8.png
Asan,Asan,13.4721533,144.7165731,Original,Exact Match,9733049_h4_w8.png
Melrose,Melrose,42.4564323,-71.064182,Geoapify (Corrected),Fixed Typo (elrose -> Melrose),9733049_h4_w8.png
Allen,Allen,33.1031744,-96.6705503,Original,Exact Match,9733049_h4_w8.png
Cheltenham,Cheltenham,40.0609445,-75.0940625,Original,Exact Match,9733049_h4_w8.png
Tabora,Tabora,-5.0202431,32.8097724,Geoapify (Corrected),Fixed Typo (Tabor -> Tabora),9733049_h4_w8.png
Eving,Eving,51.5481277,7.4650456,Geoapify (Corrected),Fixed Typo (Ving -> Eving),9733049_h4_w8.png
Olney,Olney,33.3711244,-98.7566946,Original,Exact Match,9733049_h4_w8.png
Queens,Queens,40.7135078,-73.8283132,Geoapify (Corrected),Fixed Typo (Queen -> Queens),9733049_h4_w8.png
Erie,Erie,42.1294712,-80.0852695,Original,Exact Match,9733049_h4_w8.png
Prata,Prata,-28.7849383,-51.6091999,Geoapify (Corrected),Fixed Typo (RatA -> Prata),9733049_h4_w8.png
Frankford,Frankford,38.518038,-75.233764,Original,Exact Match,9733049_h4_w8.png
Port Huron,Port Huron,42.9760854,-82.4333742,Original,Exact Match,9734118_h3_w7.png
Lansing,Lansing,42.7338254,-84.5546295,Original,Exact Match,9734118_h3_w7.png
Narra,Narra,9.2685102,118.4035463,Geoapify (Corrected),Fixed Typo (Narrag -> Narra),9734118_h3_w7.png
Scranton,Scranton,41.4086874,-75.6621294,Geoapify (Corrected),Fixed Typo (Scranton' -> Scranton),9734118_h3_w7.png
Sandusky,Sandusky,41.4561002,-82.7115813,Original,Exact Match,9734118_h3_w7.png
Cincinnati,Cincinnati,39.1014537,-84.5124602,Geoapify (Corrected),Fixed Typo (Cincinati -> Cincinnati),9734118_h3_w7.png
Lexington,Lexington,38.0464066,-84.4970393,Original,Exact Match,9734118_h3_w7.png
Detroit,Detroit,42.3315509,-83.0466403,Geoapify (Corrected),Fixed Typo (Detroitk -> Detroit),9734118_h3_w7.png
Toledo,Toledo,41.6529143,-83.5378173,Original,Exact Match,9734118_h3_w7.png
Philadelphia,Philadelphia,39.9527237,-75.1635262,Original,Exact Match,9734118_h3_w7.png
Atani,Atani,6.0149812,6.7471662,Geoapify (Corrected),Fixed Typo (Atan -> Atani),9734118_h3_w7.png
Parker,Parker,39.5184514,-104.7612638,Original,Exact Match,9734118_h3_w7.png
Lynchburg,Lynchburg,37.4137536,-79.1422464,Original,Exact Match,9734118_h3_w7.png
Aue,Aue,50.586993,12.6992687,Original,Exact Match,9734118_h3_w7.png
Knoxville,Knoxville,35.9603948,-83.9210261,Geoapify (Corrected),Fixed Typo (Knoxvile -> Knoxville),9734118_h3_w7.png
